{
	"Index":87,
	"Name":"10_3",
	"RolfsenName":"10_3",
	"DTname":"10a_117",
	"TunnelNumber":1,
	"BridgeNumber":"Not implemented",
	"Hyperbolic":true,
	"Diagram":{
		"Scode":"{9, -17, -15, 3, 1, 19, -7, -5, 13, 11}",
		"Acode":"{5, -9, -8, 2, 1, 10, -4, -3, 7, 6}",
		"PDcode":[
			"{2, 10, 3, 9}",
			"{4, 17, 5, 18}",
			"{6, 15, 7, 16}",
			"{8, 4, 9, 3}",
			"{10, 2, 11, 1}",
			"{12, 20, 13, 19}",
			"{14, 7, 15, 8}",
			"{16, 5, 17, 6}",
			"{18, 14, 19, 13}",
			"{20, 12, 1, 11}"
		],
		"CBtype":"{2, 0}",
		"ParabolicReps":{
			"SolvingSeq":[
				"{6, 1}",
				[],
				[
					"{6, 1, 5, 2}",
					"{1, 5, 2, 1}",
					"{5, 2, 4, 2}",
					"{1, 6, 10, 2}",
					"{6, 10, 7, 1}",
					"{7, -4, 8, 1}",
					"{4, -8, 3, 2}",
					"{10, 7, 9, 2}"
				],
				"{2}",
				"{8}",
				8
			],
			"SolvingSeqIdx":1,
			"Comps":{
				"u":{
					"CheckEq":[
						"-1 - u - 4*u^2 + 6*u^3 - 16*u^4 + 11*u^5 - 38*u^6 + 6*u^7 - 47*u^8 + u^9 - 30*u^10 - 9*u^12 - u^14",
						"u + 2*u^2 + 4*u^3 - 2*u^4 + 7*u^5 + 14*u^6 + 5*u^7 + 56*u^8 + u^9 + 68*u^10 + 38*u^12 + 10*u^14 + u^16"
					],
					"TimingForPrimaryIdeals":8.886799999999999e-2
				},
				"v":{
					"CheckEq":[
						"-1 + v"
					],
					"TimingForPrimaryIdeals":7.180600000000001e-2
				},
				"PrimaryIdeals":[
					{
						"IdealName":"J10_3_0",
						"Generators":[
							"1 + 3*u^2 - 9*u^3 + 22*u^4 - 24*u^5 + 40*u^6 - 22*u^7 + 29*u^8 - 8*u^9 + 9*u^10 - u^11 + u^12"
						],
						"VariableOrder":[
							"u"
						],
						"Characteristic":0,
						"KnownGroebner":[],
						"Status":[
							"vCompNormalize"
						],
						"MonomialOrder":"lex",
						"IsHomogeneous":false,
						"IsZeroDim":true,
						"IdealDimension":0,
						"Timings":{
							"TimingGroebner":4.0596e-2,
							"TimingZeroDimVars":1.8424e-2,
							"TimingmagmaVCompNormalize":1.9565e-2,
							"TimingNumberOfSols":2.5670000000000002e-2,
							"TimingIsRadical":1.8280000000000004e-3,
							"TimingArcColoring":5.4084000000000014e-2,
							"TimingObstruction":1.0839000000000001e-2,
							"TimingComplexVolumeN":1.0193689e1,
							"TimingaCuspShapeN":5.4518000000000004e-2,
							"TiminguValues":0.653898,
							"TiminguPolysN":7.439e-3,
							"TiminguPolys":0.853438,
							"TimingaCuspShape":9.8317e-2,
							"TimingRepresentationsN":2.6679e-2,
							"TiminguValues_ij":0.143239,
							"TiminguPoly_ij":0.941846,
							"TiminguPolys_ij_N":9.791000000000001e-3
						},
						"ZeroDimensionalVars":[
							"u"
						],
						"NumberOfSols":12,
						"IsRadical":true,
						"ArcColoring":[
							[
								0,
								"u"
							],
							[
								"-u",
								"u + u^3"
							],
							[
								"-u + 6*u^3 + 11*u^5 + 6*u^7 + u^9",
								"u + 4*u^3 + 7*u^5 + 5*u^7 + u^9"
							],
							[
								"1 + u^2",
								"-2*u^2 - u^4"
							],
							[
								1,
								"-u^2"
							],
							"{1, 0}",
							[
								"1 + u^2",
								"u^2"
							],
							[
								"1 + 4*u^2 + 7*u^4 + 5*u^6 + u^8",
								"u^2 - 6*u^4 - 11*u^6 - 6*u^8 - u^10"
							],
							[
								"2*u + u^3",
								"u + u^3"
							],
							[
								"u",
								"u"
							]
						],
						"Obstruction":-1,
						"ComplexVolumeN":[
							"4.57295 + 1.88989*I",
							"4.57295 - 1.88989*I",
							"-1.8583 - 4.3739*I",
							"-1.8583 + 4.3739*I",
							"-6.43201 - 1.71442*I",
							"-6.43201 + 1.71442*I",
							"-0.073452 + 0.847212*I",
							"-0.073452 - 0.847212*I",
							"8.44501 - 5.7321*I",
							"8.44501 + 5.7321*I",
							"15.085 + 2.3421*I",
							"15.085 - 2.3421*I"
						],
						"uPolysN":[
							"1 + 3*u^2 - 9*u^3 + 22*u^4 - 24*u^5 + 40*u^6 - 22*u^7 + 29*u^8 - 8*u^9 + 9*u^10 - u^11 + u^12",
							"1 - 2*u + 5*u^2 - u^3 + 6*u^4 - 8*u^5 + 16*u^6 - 12*u^7 + 17*u^8 - 6*u^9 + 7*u^10 - u^11 + u^12",
							"1 - 2*u + 5*u^2 - u^3 + 6*u^4 - 8*u^5 + 16*u^6 - 12*u^7 + 17*u^8 - 6*u^9 + 7*u^10 - u^11 + u^12",
							"1 + 3*u^2 - 9*u^3 + 22*u^4 - 24*u^5 + 40*u^6 - 22*u^7 + 29*u^8 - 8*u^9 + 9*u^10 - u^11 + u^12",
							"1 + 3*u^2 - 9*u^3 + 22*u^4 - 24*u^5 + 40*u^6 - 22*u^7 + 29*u^8 - 8*u^9 + 9*u^10 - u^11 + u^12",
							"1 + 3*u^2 - 9*u^3 + 22*u^4 - 24*u^5 + 40*u^6 - 22*u^7 + 29*u^8 - 8*u^9 + 9*u^10 - u^11 + u^12",
							"1 - 2*u + 5*u^2 - u^3 + 6*u^4 - 8*u^5 + 16*u^6 - 12*u^7 + 17*u^8 - 6*u^9 + 7*u^10 - u^11 + u^12",
							"1 - 2*u + 5*u^2 - u^3 + 6*u^4 - 8*u^5 + 16*u^6 - 12*u^7 + 17*u^8 - 6*u^9 + 7*u^10 - u^11 + u^12",
							"1 + 3*u^2 - 9*u^3 + 22*u^4 - 24*u^5 + 40*u^6 - 22*u^7 + 29*u^8 - 8*u^9 + 9*u^10 - u^11 + u^12",
							"1 + 3*u^2 - 9*u^3 + 22*u^4 - 24*u^5 + 40*u^6 - 22*u^7 + 29*u^8 - 8*u^9 + 9*u^10 - u^11 + u^12"
						],
						"uPolys":[
							"1 + 3*u^2 - 9*u^3 + 22*u^4 - 24*u^5 + 40*u^6 - 22*u^7 + 29*u^8 - 8*u^9 + 9*u^10 - u^11 + u^12",
							"1 - 2*u + 5*u^2 - u^3 + 6*u^4 - 8*u^5 + 16*u^6 - 12*u^7 + 17*u^8 - 6*u^9 + 7*u^10 - u^11 + u^12",
							"1 - 2*u + 5*u^2 - u^3 + 6*u^4 - 8*u^5 + 16*u^6 - 12*u^7 + 17*u^8 - 6*u^9 + 7*u^10 - u^11 + u^12",
							"1 + 3*u^2 - 9*u^3 + 22*u^4 - 24*u^5 + 40*u^6 - 22*u^7 + 29*u^8 - 8*u^9 + 9*u^10 - u^11 + u^12",
							"1 + 3*u^2 - 9*u^3 + 22*u^4 - 24*u^5 + 40*u^6 - 22*u^7 + 29*u^8 - 8*u^9 + 9*u^10 - u^11 + u^12",
							"1 + 3*u^2 - 9*u^3 + 22*u^4 - 24*u^5 + 40*u^6 - 22*u^7 + 29*u^8 - 8*u^9 + 9*u^10 - u^11 + u^12",
							"1 - 2*u + 5*u^2 - u^3 + 6*u^4 - 8*u^5 + 16*u^6 - 12*u^7 + 17*u^8 - 6*u^9 + 7*u^10 - u^11 + u^12",
							"1 - 2*u + 5*u^2 - u^3 + 6*u^4 - 8*u^5 + 16*u^6 - 12*u^7 + 17*u^8 - 6*u^9 + 7*u^10 - u^11 + u^12",
							"1 + 3*u^2 - 9*u^3 + 22*u^4 - 24*u^5 + 40*u^6 - 22*u^7 + 29*u^8 - 8*u^9 + 9*u^10 - u^11 + u^12",
							"1 + 3*u^2 - 9*u^3 + 22*u^4 - 24*u^5 + 40*u^6 - 22*u^7 + 29*u^8 - 8*u^9 + 9*u^10 - u^11 + u^12"
						],
						"aCuspShape":"-2 + 4*(1 - 3*u + 9*u^2 - 13*u^3 + 24*u^4 - 16*u^5 + 22*u^6 - 7*u^7 + 8*u^8 - u^9 + u^10)",
						"RepresentationsN":[
							[
								"u->-0.08843 + 1.12439 I"
							],
							[
								"u->-0.08843 - 1.12439 I"
							],
							[
								"u->0.262297 + 1.10661 I"
							],
							[
								"u->0.262297 - 1.10661 I"
							],
							[
								"u->0.520232 + 0.348843 I"
							],
							[
								"u->0.520232 - 0.348843 I"
							],
							[
								"u->-0.237731 + 0.323766 I"
							],
							[
								"u->-0.237731 - 0.323766 I"
							],
							[
								"u->0.06408 + 1.7555 I"
							],
							[
								"u->0.06408 - 1.7555 I"
							],
							[
								"u->-0.02045 + 1.76385 I"
							],
							[
								"u->-0.02045 - 1.76385 I"
							]
						],
						"Epsilon":8.493650000000001e-2,
						"uPolys_ij":[
							"1 + 3*u^2 - 9*u^3 + 22*u^4 - 24*u^5 + 40*u^6 - 22*u^7 + 29*u^8 - 8*u^9 + 9*u^10 - u^11 + u^12",
							"1 - 6*u + 53*u^2 - 131*u^3 + 350*u^4 - 980*u^5 + 1732*u^6 - 1836*u^7 + 1205*u^8 - 494*u^9 + 123*u^10 - 17*u^11 + u^12",
							"1 + 3*u^2 + 3*u^3 + 38*u^4 + 76*u^5 - 28*u^6 + 62*u^7 + 185*u^8 + 18*u^9 + 27*u^10 + u^11 + u^12",
							"17 - 72*u + 267*u^2 - 399*u^3 + 310*u^4 - 344*u^5 + 208*u^6 + 158*u^7 - 123*u^8 - 48*u^9 + 17*u^10 + 9*u^11 + u^12",
							"36 + 12*u + 299*u^2 - 69*u^3 + 447*u^4 - 62*u^5 + 263*u^6 - 27*u^7 + 81*u^8 - 10*u^9 + 13*u^10 - u^11 + u^12",
							"1 - 2*u + 5*u^2 - u^3 + 6*u^4 - 8*u^5 + 16*u^6 - 12*u^7 + 17*u^8 - 6*u^9 + 7*u^10 - u^11 + u^12",
							"13 - 12*u + 89*u^2 + 9*u^3 + 160*u^4 + 2*u^5 + 126*u^6 + 14*u^7 + 45*u^8 + 6*u^9 + 9*u^10 + u^11 + u^12",
							"59 + 2*u + 477*u^2 + 529*u^3 + 632*u^4 + 618*u^5 + 896*u^6 + 372*u^7 + 93*u^8 - 6*u^9 + 19*u^10 + 5*u^11 + u^12",
							"23 - 22*u + 193*u^2 - 181*u^3 - 26*u^4 + 124*u^5 + 594*u^6 + 548*u^7 + 347*u^8 + 86*u^9 - u^10 - 5*u^11 + u^12",
							"28 - 38*u + 339*u^2 - 881*u^3 + 511*u^4 + 396*u^5 - 489*u^6 + 329*u^7 + 65*u^8 - 76*u^9 + 53*u^10 - 9*u^11 + u^12",
							"41 + 34*u + 441*u^2 - 673*u^3 - 94*u^4 + 696*u^5 + 304*u^6 - 378*u^7 - 139*u^8 + 28*u^9 + 37*u^10 + 9*u^11 + u^12",
							"1 + 6*u + 33*u^2 + 59*u^3 + 166*u^4 + 264*u^5 + 324*u^6 + 396*u^7 + 365*u^8 + 210*u^9 + 71*u^10 + 13*u^11 + u^12"
						],