{
	"Index":1604,
	"Name":"12a_0803",
	"RolfsenName":"12a_0803",
	"DTname":"12a_0803",
	"Status":"initialized*Just",
	"Diagram":{
		"Scode":"{4, -14, 24, 22, 20, 18, 16, -2, 12, 10, 8, 6}",
		"Acode":"{3, -8, 1, 12, 11, 10, 9, -2, 7, 6, 5, 4}",
		"PDcode":[
			"{1, 5, 2, 4}",
			"{3, 14, 4, 15}",
			"{5, 1, 6, 24}",
			"{7, 23, 8, 22}",
			"{9, 21, 10, 20}",
			"{11, 19, 12, 18}",
			"{13, 17, 14, 16}",
			"{15, 2, 16, 3}",
			"{17, 13, 18, 12}",
			"{19, 11, 20, 10}",
			"{21, 9, 22, 8}",
			"{23, 7, 24, 6}"
		],
		"CBtype":"{1, 0}",
		"ParabolicReps":{
			"SolvingSeq":[
				"{5, 11}",
				[],
				[
					"{5, 11, 6, 1}",
					"{11, 5, 12, 1}",
					"{5, 12, 4, 2}",
					"{12, 4, 1, 1}",
					"{4, 1, 3, 2}",
					"{11, 6, 10, 2}",
					"{6, 10, 7, 1}",
					"{10, 7, 9, 2}",
					"{7, 9, 8, 1}",
					"{3, -8, 2, 2}"
				],
				"{1}",
				"{8}",
				8
			],
			"SolvingSeqIdx":1,
			"Comps":{
				"u":{
					"CheckEq":[
						"-1 - 3*u - 8*u^2 - 4*u^3 - 36*u^4 - u^5 - 86*u^6 - 91*u^8 - 46*u^10 - 11*u^12 - u^14",
						"u + 2*u^2 + 3*u^3 - 14*u^4 + u^5 - 80*u^6 - 148*u^8 - 128*u^10 - 56*u^12 - 12*u^14 - u^16"
					],
					"TimingForPrimaryIdeals":0.113268
				},
				"v":{
					"CheckEq":[
						"-1 + v"
					],
					"TimingForPrimaryIdeals":7.3626e-2
				},
				"PrimaryIdeals":[
					{
						"IdealName":"J12a_803_0",
						"Generators":[
							"1 + 5*u + 15*u^2 + 20*u^3 + 35*u^4 + 21*u^5 + 28*u^6 + 8*u^7 + 9*u^8 + u^9 + u^10"
						],
						"VariableOrder":[
							"u"
						],
						"Characteristic":0,
						"KnownGroebner":[],
						"Status":[
							"vCompNormalize"
						],
						"MonomialOrder":"lex",
						"IsHomogeneous":false,
						"IsZeroDim":true,
						"IdealDimension":0,
						"Timings":{
							"TimingGroebner":7.4211e-2,
							"TimingZeroDimVars":5.8707e-2,
							"TimingmagmaVCompNormalize":5.9999000000000004e-2,
							"TimingNumberOfSols":0.105785,
							"TimingIsRadical":1.0497000000000001e-2,
							"TimingArcColoring":0.321671,
							"TimingObstruction":1.1201000000000001e-2,
							"TimingComplexVolumeN":8.810211,
							"TimingaCuspShapeN":4.8288000000000005e-2,
							"TiminguValues":0.807448,
							"TiminguPolysN":6.502e-3,
							"TiminguPolys":0.999479,
							"TimingaCuspShape":0.101303,
							"TimingRepresentationsN":4.7975000000000004e-2,
							"TiminguValues_ij":0.610965,
							"TiminguPoly_ij":1.343621,
							"TiminguPolys_ij_N":5.72e-3
						},
						"ZeroDimensionalVars":[
							"u"
						],
						"NumberOfSols":10,
						"IsRadical":true,
						"ArcColoring":[
							[
								"-2*u - u^3",
								"u + u^3"
							],
							[
								"-3*u - 4*u^3 - u^5",
								"u + 3*u^3 + u^5"
							],
							[
								"1 + 3*u^2 + u^4",
								"-2*u^2 - u^4"
							],
							[
								"1 + u^2",
								"-u^2"
							],
							"{1, 0}",
							[
								1,
								"u^2"
							],
							[
								"1 + u^2",
								"2*u^2 + u^4"
							],
							[
								"1 + 3*u^2 + u^4",
								"3*u^2 + 4*u^4 + u^6"
							],
							[
								"2*u + u^3",
								"u + 3*u^3 + u^5"
							],
							[
								"u",
								"u + u^3"
							],
							[
								0,
								"u"
							],
							[
								"-u",
								"u"
							]
						],
						"Obstruction":-1,
						"ComplexVolumeN":[
							"2.80855 + 2.01562*I",
							"2.80855 - 2.01562*I",
							"9.465 + 2.79918*I",
							"9.465 - 2.79918*I",
							"-19.641 + 3.2955*I",
							"-19.641 - 3.2955*I",
							"-0.265356 + 0.793433*I",
							"-0.265356 - 0.793433*I",
							"-5.52666 + 3.57388*I",
							"-5.52666 - 3.57388*I"
						],
						"uPolysN":[
							"1 + 5*u + 15*u^2 + 20*u^3 + 35*u^4 + 21*u^5 + 28*u^6 + 8*u^7 + 9*u^8 + u^9 + u^10",
							"1 - u + 3*u^2 + 3*u^4 - 3*u^5 + 4*u^6 + u^8 - u^9 + u^10",
							"1 + 5*u + 15*u^2 + 20*u^3 + 35*u^4 + 21*u^5 + 28*u^6 + 8*u^7 + 9*u^8 + u^9 + u^10",
							"1 + 5*u + 15*u^2 + 20*u^3 + 35*u^4 + 21*u^5 + 28*u^6 + 8*u^7 + 9*u^8 + u^9 + u^10",
							"1 + 5*u + 15*u^2 + 20*u^3 + 35*u^4 + 21*u^5 + 28*u^6 + 8*u^7 + 9*u^8 + u^9 + u^10",
							"1 + 5*u + 15*u^2 + 20*u^3 + 35*u^4 + 21*u^5 + 28*u^6 + 8*u^7 + 9*u^8 + u^9 + u^10",
							"1 + 5*u + 15*u^2 + 20*u^3 + 35*u^4 + 21*u^5 + 28*u^6 + 8*u^7 + 9*u^8 + u^9 + u^10",
							"1 - u + 3*u^2 + 3*u^4 - 3*u^5 + 4*u^6 + u^8 - u^9 + u^10",
							"1 + 5*u + 15*u^2 + 20*u^3 + 35*u^4 + 21*u^5 + 28*u^6 + 8*u^7 + 9*u^8 + u^9 + u^10",
							"1 + 5*u + 15*u^2 + 20*u^3 + 35*u^4 + 21*u^5 + 28*u^6 + 8*u^7 + 9*u^8 + u^9 + u^10",
							"1 + 5*u + 15*u^2 + 20*u^3 + 35*u^4 + 21*u^5 + 28*u^6 + 8*u^7 + 9*u^8 + u^9 + u^10",
							"1 + 5*u + 15*u^2 + 20*u^3 + 35*u^4 + 21*u^5 + 28*u^6 + 8*u^7 + 9*u^8 + u^9 + u^10"
						],
						"uPolys":[
							"1 + 5*u + 15*u^2 + 20*u^3 + 35*u^4 + 21*u^5 + 28*u^6 + 8*u^7 + 9*u^8 + u^9 + u^10",
							"1 - u + 3*u^2 + 3*u^4 - 3*u^5 + 4*u^6 + u^8 - u^9 + u^10",
							"1 + 5*u + 15*u^2 + 20*u^3 + 35*u^4 + 21*u^5 + 28*u^6 + 8*u^7 + 9*u^8 + u^9 + u^10",
							"1 + 5*u + 15*u^2 + 20*u^3 + 35*u^4 + 21*u^5 + 28*u^6 + 8*u^7 + 9*u^8 + u^9 + u^10",
							"1 + 5*u + 15*u^2 + 20*u^3 + 35*u^4 + 21*u^5 + 28*u^6 + 8*u^7 + 9*u^8 + u^9 + u^10",
							"1 + 5*u + 15*u^2 + 20*u^3 + 35*u^4 + 21*u^5 + 28*u^6 + 8*u^7 + 9*u^8 + u^9 + u^10",
							"1 + 5*u + 15*u^2 + 20*u^3 + 35*u^4 + 21*u^5 + 28*u^6 + 8*u^7 + 9*u^8 + u^9 + u^10",
							"1 - u + 3*u^2 + 3*u^4 - 3*u^5 + 4*u^6 + u^8 - u^9 + u^10",
							"1 + 5*u + 15*u^2 + 20*u^3 + 35*u^4 + 21*u^5 + 28*u^6 + 8*u^7 + 9*u^8 + u^9 + u^10",
							"1 + 5*u + 15*u^2 + 20*u^3 + 35*u^4 + 21*u^5 + 28*u^6 + 8*u^7 + 9*u^8 + u^9 + u^10",
							"1 + 5*u + 15*u^2 + 20*u^3 + 35*u^4 + 21*u^5 + 28*u^6 + 8*u^7 + 9*u^8 + u^9 + u^10",
							"1 + 5*u + 15*u^2 + 20*u^3 + 35*u^4 + 21*u^5 + 28*u^6 + 8*u^7 + 9*u^8 + u^9 + u^10"
						],
						"aCuspShape":"-8 - 2*(5 + 30*u + 40*u^2 + 70*u^3 + 42*u^4 + 56*u^5 + 16*u^6 + 18*u^7 + 2*u^8 + 2*u^9)",
						"RepresentationsN":[
							[
								"u->-0.14316 + 0.750904 I"
							],
							[
								"u->-0.14316 - 0.750904 I"
							],
							[
								"u->-0.077356 + 1.2544 I"
							],
							[
								"u->-0.077356 - 1.2544 I"
							],
							[
								"u->-0.034 + 1.65519 I"
							],
							[
								"u->-0.034 - 1.65519 I"
							],
							[
								"u->-0.237002 + 0.228003 I"
							],
							[
								"u->-0.237002 - 0.228003 I"
							],
							[
								"u->-0.00849 + 1.91177 I"
							],
							[
								"u->-0.00849 - 1.91177 I"
							]
						],
						"Epsilon":0.25784,
						"uPolys_ij":[
							"1 + 5*u + 15*u^2 + 20*u^3 + 35*u^4 + 21*u^5 + 28*u^6 + 8*u^7 + 9*u^8 + u^9 + u^10",
							"1 - 5*u + 95*u^2 - 496*u^3 + 1163*u^4 - 1461*u^5 + 1068*u^6 - 468*u^7 + 121*u^8 - 17*u^9 + u^10",
							"2 + 3*u + 20*u^2 + 15*u^3 + 133*u^4 - 79*u^5 + 240*u^6 - 26*u^7 + 35*u^8 - u^9 + u^10",
							"3 - 11*u + 75*u^2 - 222*u^3 + 201*u^4 + 83*u^5 - 160*u^6 - 22*u^7 + 43*u^8 + 13*u^9 + u^10",
							"1 + u + 3*u^2 - 14*u^3 + 13*u^4 + 53*u^5 + 112*u^6 + 20*u^7 + 45*u^8 + u^9 + u^10",
							"8 - 7*u + 54*u^2 - 9*u^3 - 177*u^4 - 45*u^5 + 164*u^6 + 104*u^7 - 3*u^8 - 9*u^9 + u^10",
							"8 + 28*u + 82*u^2 + 153*u^3 + 93*u^4 + 137*u^5 + 225*u^6 + 3*u^7 + 39*u^8 - u^9 + u^10",
							"21 - 23*u + 149*u^2 + 26*u^3 + 143*u^4 + 355*u^5 + 76*u^6 - 90*u^7 - 17*u^8 + 5*u^9 + u^10",
							"34 - 9*u + 214*u^2 + 9*u^3 + 273*u^4 + 29*u^5 + 110*u^6 + 8*u^7 + 17*u^8 + u^9 + u^10",
							"1 - u + 3*u^2 + 3*u^4 - 3*u^5 + 4*u^6 + u^8 - u^9 + u^10"
						],
						"GeometricComponent":"{9, 10}",